year,team,teamId,games_qualifying_RFDLW,season_type,docs_example,api_schedule_url
2014,San Francisco Giants,137,181,regular+postseason,https://buffedlizard55-lab.github.io/MLB-PBP/docs/?date=2014-06-15,"https://statsapi.mlb.com/api/v1/schedule?sportId=1&startDate=2014-01-01&endDate=2014-12-31&gameTypes=R,F,D,L,W&hydrate=linescore&teamId=137"
2014,Athletics,133,165,regular+postseason,https://buffedlizard55-lab.github.io/MLB-PBP/docs/?date=2014-06-15,"https://statsapi.mlb.com/api/v1/schedule?sportId=1&startDate=2014-01-01&endDate=2014-12-31&gameTypes=R,F,D,L,W&hydrate=linescore&teamId=133"
2015,San Francisco Giants,137,163,regular+postseason,https://buffedlizard55-lab.github.io/MLB-PBP/docs/?date=2015-06-15,"https://statsapi.mlb.com/api/v1/schedule?sportId=1&startDate=2015-01-01&endDate=2015-12-31&gameTypes=R,F,D,L,W&hydrate=linescore&teamId=137"
2015,Athletics,133,162,regular+postseason,https://buffedlizard55-lab.github.io/MLB-PBP/docs/?date=2015-06-15,"https://statsapi.mlb.com/api/v1/schedule?sportId=1&startDate=2015-01-01&endDate=2015-12-31&gameTypes=R,F,D,L,W&hydrate=linescore&teamId=133"
2016,San Francisco Giants,137,167,regular+postseason,https://buffedlizard55-lab.github.io/MLB-PBP/docs/?date=2016-06-15,"https://statsapi.mlb.com/api/v1/schedule?sportId=1&startDate=2016-01-01&endDate=2016-12-31&gameTypes=R,F,D,L,W&hydrate=linescore&teamId=137"
2016,Athletics,133,163,regular+postseason,https://buffedlizard55-lab.github.io/MLB-PBP/docs/?date=2016-06-15,"https://statsapi.mlb.com/api/v1/schedule?sportId=1&startDate=2016-01-01&endDate=2016-12-31&gameTypes=R,F,D,L,W&hydrate=linescore&teamId=133"
2017,San Francisco Giants,137,163,regular+postseason,https://buffedlizard55-lab.github.io/MLB-PBP/docs/?date=2017-06-15,"https://statsapi.mlb.com/api/v1/schedule?sportId=1&startDate=2017-01-01&endDate=2017-12-31&gameTypes=R,F,D,L,W&hydrate=linescore&teamId=137"
2017,Athletics,133,163,regular+postseason,https://buffedlizard55-lab.github.io/MLB-PBP/docs/?date=2017-06-15,"https://statsapi.mlb.com/api/v1/schedule?sportId=1&startDate=2017-01-01&endDate=2017-12-31&gameTypes=R,F,D,L,W&hydrate=linescore&teamId=133"
2018,San Francisco Giants,137,163,regular+postseason,https://buffedlizard55-lab.github.io/MLB-PBP/docs/?date=2018-06-15,"https://statsapi.mlb.com/api/v1/schedule?sportId=1&startDate=2018-01-01&endDate=2018-12-31&gameTypes=R,F,D,L,W&hydrate=linescore&teamId=137"
2018,Athletics,133,164,regular+postseason,https://buffedlizard55-lab.github.io/MLB-PBP/docs/?date=2018-06-15,"https://statsapi.mlb.com/api/v1/schedule?sportId=1&startDate=2018-01-01&endDate=2018-12-31&gameTypes=R,F,D,L,W&hydrate=linescore&teamId=133"
2019,San Francisco Giants,137,163,regular+postseason,https://buffedlizard55-lab.github.io/MLB-PBP/docs/?date=2019-06-15,"https://statsapi.mlb.com/api/v1/schedule?sportId=1&startDate=2019-01-01&endDate=2019-12-31&gameTypes=R,F,D,L,W&hydrate=linescore&teamId=137"
2019,Athletics,133,165,regular+postseason,https://buffedlizard55-lab.github.io/MLB-PBP/docs/?date=2019-06-15,"https://statsapi.mlb.com/api/v1/schedule?sportId=1&startDate=2019-01-01&endDate=2019-12-31&gameTypes=R,F,D,L,W&hydrate=linescore&teamId=133"
2020,San Francisco Giants,137,65,regular+postseason,https://buffedlizard55-lab.github.io/MLB-PBP/docs/?date=2020-06-15,"https://statsapi.mlb.com/api/v1/schedule?sportId=1&startDate=2020-01-01&endDate=2020-12-31&gameTypes=R,F,D,L,W&hydrate=linescore&teamId=137"
2020,Athletics,133,73,regular+postseason,https://buffedlizard55-lab.github.io/MLB-PBP/docs/?date=2020-06-15,"https://statsapi.mlb.com/api/v1/schedule?sportId=1&startDate=2020-01-01&endDate=2020-12-31&gameTypes=R,F,D,L,W&hydrate=linescore&teamId=133"
2021,San Francisco Giants,137,169,regular+postseason,https://buffedlizard55-lab.github.io/MLB-PBP/docs/?date=2021-06-15,"https://statsapi.mlb.com/api/v1/schedule?sportId=1&startDate=2021-01-01&endDate=2021-12-31&gameTypes=R,F,D,L,W&hydrate=linescore&teamId=137"
2021,Athletics,133,163,regular+postseason,https://buffedlizard55-lab.github.io/MLB-PBP/docs/?date=2021-06-15,"https://statsapi.mlb.com/api/v1/schedule?sportId=1&startDate=2021-01-01&endDate=2021-12-31&gameTypes=R,F,D,L,W&hydrate=linescore&teamId=133"
2022,San Francisco Giants,137,163,regular+postseason,https://buffedlizard55-lab.github.io/MLB-PBP/docs/?date=2022-06-15,"https://statsapi.mlb.com/api/v1/schedule?sportId=1&startDate=2022-01-01&endDate=2022-12-31&gameTypes=R,F,D,L,W&hydrate=linescore&teamId=137"
2022,Athletics,133,162,regular+postseason,https://buffedlizard55-lab.github.io/MLB-PBP/docs/?date=2022-06-15,"https://statsapi.mlb.com/api/v1/schedule?sportId=1&startDate=2022-01-01&endDate=2022-12-31&gameTypes=R,F,D,L,W&hydrate=linescore&teamId=133"
2023,San Francisco Giants,137,165,regular+postseason,https://buffedlizard55-lab.github.io/MLB-PBP/docs/?date=2023-06-15,"https://statsapi.mlb.com/api/v1/schedule?sportId=1&startDate=2023-01-01&endDate=2023-12-31&gameTypes=R,F,D,L,W&hydrate=linescore&teamId=137"
2023,Athletics,133,162,regular+postseason,https://buffedlizard55-lab.github.io/MLB-PBP/docs/?date=2023-06-15,"https://statsapi.mlb.com/api/v1/schedule?sportId=1&startDate=2023-01-01&endDate=2023-12-31&gameTypes=R,F,D,L,W&hydrate=linescore&teamId=133"
2024,San Francisco Giants,137,162,regular+postseason,https://buffedlizard55-lab.github.io/MLB-PBP/docs/?date=2024-06-15,"https://statsapi.mlb.com/api/v1/schedule?sportId=1&startDate=2024-01-01&endDate=2024-12-31&gameTypes=R,F,D,L,W&hydrate=linescore&teamId=137"
2024,Athletics,133,162,regular+postseason,https://buffedlizard55-lab.github.io/MLB-PBP/docs/?date=2024-06-15,"https://statsapi.mlb.com/api/v1/schedule?sportId=1&startDate=2024-01-01&endDate=2024-12-31&gameTypes=R,F,D,L,W&hydrate=linescore&teamId=133"
2025,San Francisco Giants,137,162,regular+postseason,https://buffedlizard55-lab.github.io/MLB-PBP/docs/?date=2025-06-15,"https://statsapi.mlb.com/api/v1/schedule?sportId=1&startDate=2025-01-01&endDate=2025-12-31&gameTypes=R,F,D,L,W&hydrate=linescore&teamId=137"
2025,Athletics,133,162,regular+postseason,https://buffedlizard55-lab.github.io/MLB-PBP/docs/?date=2025-06-15,"https://statsapi.mlb.com/api/v1/schedule?sportId=1&startDate=2025-01-01&endDate=2025-12-31&gameTypes=R,F,D,L,W&hydrate=linescore&teamId=133"
2026,San Francisco Giants,137,123,regular+postseason,https://buffedlizard55-lab.github.io/MLB-PBP/docs/?date=2026-06-15,"https://statsapi.mlb.com/api/v1/schedule?sportId=1&startDate=2026-01-01&endDate=2026-12-31&gameTypes=R,F,D,L,W&hydrate=linescore&teamId=137"
2026,Athletics,133,119,regular+postseason,https://buffedlizard55-lab.github.io/MLB-PBP/docs/?date=2026-06-15,"https://statsapi.mlb.com/api/v1/schedule?sportId=1&startDate=2026-01-01&endDate=2026-12-31&gameTypes=R,F,D,L,W&hydrate=linescore&teamId=133"
